<?xml version="1.0" encoding="utf-8"?>
<!DOCTYPE hibernate-configuration SYSTEM 
"http://www.hibernate.org/dtd/hibernate-configuration-3.0.dtd">

<hibernate-configuration>
   <session-factory>
   <property name="hibernate.dialect">org.hibernate.dialect.MySQLDialect</property>
   <property name="hibernate.connection.driver_class">oracle.jdbc.driver.OracleDriver</property>

   <!-- Assume test is the database name -->
   <property name="hibernate.connection.url">jdbc:oracle:thin:@vlcapngecdb01.fisdev.local:1521:NGCAPE</property>
   <property name="hibernate.connection.username">ngbuild</property>
   <property name="hibernate.connection.password">ngbuild</property>
   
   
    <property name="current_session_context_class">thread</property>
    <property name="cache.provider_class">org.hibernate.cache.NoCacheProvider</property>
        
   

   <!-- List of XML mapping files --><!-- 
   <mapping resource="Employee.hbm.xml"/> -->
	
	<mapping class="com.fis.automation.entity.BUILD_HIST_AVG_TIME_ENTITY"/>
	<mapping class="com.fis.automation.entity.CMPNT_RELEASE_DTL_ENTITY"/>
	<mapping class="com.fis.automation.entity.BUILD_HIST_ENTITY"/>
	<mapping class="com.fis.automation.entity.BUILD_HIST_DTL_ENTITY"/>
	<mapping class="com.fis.automation.entity.BUILD_COVERAGE_ENTITY"/>
	<mapping class="com.fis.automation.entity.BUILD_HIST_LATEST_RES_ENTITY"/>
	<mapping class="com.fis.automation.entity.CMPNT_RELEASE_DTL_ID_ENTITY"/>
	<mapping class="com.fis.automation.entity.MAX_TIME_SRVCNAME_ENTITY"/>

	
</session-factory>
</hibernate-configuration>